{"system":{"emitters":[{"color":[0.808580,0.808580,0.808580,0.8476399999999999],"cone_angle":90.0,"cone_radius":0.60,"depth":1.50,"diffuse":"$GAME_DATA/Particles/Textures/Smoke/smoke_clouds01.tga","direction_type":"constant","duration":0.0,"effects":[{"control_point":[[0.0,[0.9218600000000001,0.9218600000000001,0.9218600000000001,0.0]],[0.295760,[0.9296700000000001,0.9296700000000001,0.9296700000000001,0.51170]],[0.732380,[0.917950,0.917950,0.917950,0.476550]],[1.0,[1.0,1.0,1.0,0.0]]],"guid":1,"name":"Color"},{"animation":"sheet","end_texture_coords_range":58,"fps":17,"guid":2,"name":"TextureAnimator","repeat":true},{"axis":"z","control_point":[[0.0,1.093750],[0.250,1.060850],[0.5096000000000001,0.9621700000000001],[0.745190,0.797690],[1.0,0.386510]],"guid":3,"max":2.50,"name":"Velocity"},{"control_point":[[0.0,0.5986800000000001],[0.153840,0.8486800000000001],[0.329230,0.9342100000000001],[1.0,1.0]],"guid":4,"max_scale":1.0,"name":"Scale"}],"emission_mode":"loop","emission_rate":8,"force_vector":[0.0,0.0,0.449990],"friction":1.0,"guid":0,"height":[1.50,0.649990],"keep_local":false,"max_particles":25,"min_quality":"high","name":"Smoke 1","position":[0.0,-0.0,-0.400010],"rotation":[0.0,180.0],"rotation_speed":[0.0,25.0],"scene_blend":"alpha_blend","shadows":true,"tiles":[8,8],"time_to_live":[4.50,1.50],"type":"cone","velocity":[0.0,0.20],"width":[1.50,0.649990]}],"min_quality":"high"}}
